<keymap version="1" name="Mac OS X 10.5+ copy" parent="Mac OS X 10.5+">
  <action id="$Copy">
    <keyboard-shortcut first-keystroke="meta c" />
    <keyboard-shortcut first-keystroke="meta insert" />
    <keyboard-shortcut first-keystroke="ctrl c" />
  </action>
  <action id="$Cut">
    <keyboard-shortcut first-keystroke="meta x" />
    <keyboard-shortcut first-keystroke="shift delete" />
    <keyboard-shortcut first-keystroke="ctrl x" />
  </action>
  <action id="$Paste">
    <keyboard-shortcut first-keystroke="meta v" />
    <keyboard-shortcut first-keystroke="shift insert" />
    <keyboard-shortcut first-keystroke="ctrl v" />
  </action>
  <action id="$Redo">
    <keyboard-shortcut first-keystroke="shift meta z" />
    <keyboard-shortcut first-keystroke="shift alt back_space" />
    <keyboard-shortcut first-keystroke="shift ctrl z" />
  </action>
  <action id="$SelectAll">
    <keyboard-shortcut first-keystroke="ctrl a" />
  </action>
  <action id="$Undo">
    <keyboard-shortcut first-keystroke="meta z" />
    <keyboard-shortcut first-keystroke="ctrl z" />
  </action>
  <action id="AceAction">
    <keyboard-shortcut first-keystroke="ctrl semicolon" />
    <keyboard-shortcut first-keystroke="alt semicolon" />
  </action>
  <action id="AceLineAction">
    <keyboard-shortcut first-keystroke="shift ctrl semicolon" />
    <keyboard-shortcut first-keystroke="shift alt semicolon" />
  </action>
  <action id="ActivateDebugToolWindow">
    <keyboard-shortcut first-keystroke="meta 5" />
    <keyboard-shortcut first-keystroke="ctrl 5" />
  </action>
  <action id="ActivateFavoritesToolWindow">
    <keyboard-shortcut first-keystroke="meta 2" />
    <keyboard-shortcut first-keystroke="ctrl 2" />
  </action>
  <action id="ActivateFindToolWindow">
    <keyboard-shortcut first-keystroke="meta 3" />
    <keyboard-shortcut first-keystroke="ctrl 3" />
  </action>
  <action id="ActivateLogcatToolWindow">
    <keyboard-shortcut first-keystroke="meta 6" />
    <keyboard-shortcut first-keystroke="ctrl 6" />
  </action>
  <action id="ActivateMessagesToolWindow">
    <keyboard-shortcut first-keystroke="meta 0" />
    <keyboard-shortcut first-keystroke="ctrl 0" />
  </action>
  <action id="ActivateProblemsViewToolWindow">
    <keyboard-shortcut first-keystroke="ctrl 4" />
  </action>
  <action id="ActivateProjectToolWindow">
    <keyboard-shortcut first-keystroke="meta 1" />
    <keyboard-shortcut first-keystroke="ctrl 1" />
  </action>
  <action id="ActivateStructureToolWindow">
    <keyboard-shortcut first-keystroke="meta 7" />
    <keyboard-shortcut first-keystroke="ctrl 7" />
  </action>
  <action id="ActivateVersionControlToolWindow">
    <keyboard-shortcut first-keystroke="meta 9" />
    <keyboard-shortcut first-keystroke="shift meta 9" />
    <keyboard-shortcut first-keystroke="ctrl 9" />
  </action>
  <action id="Android.HotswapChanges">
    <keyboard-shortcut first-keystroke="meta f10" />
    <keyboard-shortcut first-keystroke="ctrl meta r" />
    <keyboard-shortcut first-keystroke="shift meta r" />
  </action>
  <action id="Arrangement.Alias.Rule.Match.Condition.Move.Up" />
  <action id="Arrangement.Rule.Match.Condition.Move.Down" />
  <action id="Arrangement.Rule.Match.Condition.Move.Up" />
  <action id="Back">
    <keyboard-shortcut first-keystroke="meta open_bracket" />
    <mouse-shortcut keystroke="button4" />
    <keyboard-shortcut first-keystroke="ctrl meta left" />
    <keyboard-shortcut first-keystroke="alt open_bracket" />
  </action>
  <action id="ChangesView.AddUnversioned">
    <keyboard-shortcut first-keystroke="meta alt a" />
    <keyboard-shortcut first-keystroke="ctrl alt a" />
  </action>
  <action id="ChangesView.SetDefault" />
  <action id="CheckinProject">
    <keyboard-shortcut first-keystroke="meta k" />
    <keyboard-shortcut first-keystroke="ctrl k" />
  </action>
  <action id="CloseContent">
    <keyboard-shortcut first-keystroke="ctrl w" />
  </action>
  <action id="CollapseRegion">
    <keyboard-shortcut first-keystroke="meta subtract" />
    <keyboard-shortcut first-keystroke="meta minus" />
    <keyboard-shortcut first-keystroke="alt minus" />
  </action>
  <action id="CommentByLineComment">
    <keyboard-shortcut first-keystroke="meta slash" />
    <keyboard-shortcut first-keystroke="meta divide" />
    <keyboard-shortcut first-keystroke="ctrl slash" />
  </action>
  <action id="CompileDirty">
    <keyboard-shortcut first-keystroke="alt f9" />
  </action>
  <action id="Debug">
    <keyboard-shortcut first-keystroke="alt d" />
  </action>
  <action id="Diff.NextChange">
    <keyboard-shortcut first-keystroke="shift meta close_bracket" />
  </action>
  <action id="Diff.PrevChange">
    <keyboard-shortcut first-keystroke="shift meta open_bracket" />
  </action>
  <action id="DirDiffMenu.SynchronizeDiff" />
  <action id="Editor Copy">
    <keyboard-shortcut first-keystroke="ctrl c" />
  </action>
  <action id="Editor Cut">
    <keyboard-shortcut first-keystroke="ctrl x" />
  </action>
  <action id="Editor Paste">
    <keyboard-shortcut first-keystroke="ctrl v" />
  </action>
  <action id="Editor Redo">
    <keyboard-shortcut first-keystroke="shift ctrl z" />
  </action>
  <action id="Editor SelectAll">
    <keyboard-shortcut first-keystroke="ctrl a" />
  </action>
  <action id="Editor Undo">
    <keyboard-shortcut first-keystroke="ctrl z" />
  </action>
  <action id="EditorCloneCaretAbove">
    <keyboard-shortcut first-keystroke="alt j" />
  </action>
  <action id="EditorDeleteLine">
    <keyboard-shortcut first-keystroke="ctrl back_space" />
  </action>
  <action id="EditorDown">
    <keyboard-shortcut first-keystroke="down" />
  </action>
  <action id="EditorDuplicate">
    <keyboard-shortcut first-keystroke="meta d" />
    <keyboard-shortcut first-keystroke="ctrl d" />
  </action>
  <action id="EditorLeft">
    <keyboard-shortcut first-keystroke="left" />
  </action>
  <action id="EditorLineEnd">
    <keyboard-shortcut first-keystroke="end" />
    <keyboard-shortcut first-keystroke="meta right" />
    <keyboard-shortcut first-keystroke="ctrl right" />
  </action>
  <action id="EditorLineEndWithSelection">
    <keyboard-shortcut first-keystroke="shift end" />
    <keyboard-shortcut first-keystroke="shift ctrl right" />
  </action>
  <action id="EditorLineStart">
    <keyboard-shortcut first-keystroke="home" />
    <keyboard-shortcut first-keystroke="meta left" />
    <keyboard-shortcut first-keystroke="ctrl left" />
  </action>
  <action id="EditorLineStartWithSelection">
    <keyboard-shortcut first-keystroke="shift home" />
    <keyboard-shortcut first-keystroke="shift ctrl left" />
  </action>
  <action id="EditorLookupDown" />
  <action id="EditorLookupUp" />
  <action id="EditorPasteSimple">
    <keyboard-shortcut first-keystroke="shift meta alt v" />
    <keyboard-shortcut first-keystroke="ctrl v" />
  </action>
  <action id="EditorPreviousWord">
    <keyboard-shortcut first-keystroke="alt left" />
  </action>
  <action id="EditorRight">
    <keyboard-shortcut first-keystroke="right" />
  </action>
  <action id="EditorScrollToCenter" />
  <action id="EditorSelectWord">
    <keyboard-shortcut first-keystroke="shift ctrl up" />
  </action>
  <action id="EditorStartNewLine">
    <keyboard-shortcut first-keystroke="shift enter" />
    <keyboard-shortcut first-keystroke="enter" />
  </action>
  <action id="EditorToggleCase">
    <keyboard-shortcut first-keystroke="shift meta u" />
    <keyboard-shortcut first-keystroke="shift ctrl u" />
  </action>
  <action id="EditorToggleColumnMode">
    <keyboard-shortcut first-keystroke="alt l" />
  </action>
  <action id="EditorUnSelectWord">
    <keyboard-shortcut first-keystroke="shift ctrl down" />
  </action>
  <action id="EditorUp">
    <keyboard-shortcut first-keystroke="up" />
  </action>
  <action id="ExpandRegion">
    <keyboard-shortcut first-keystroke="meta add" />
    <keyboard-shortcut first-keystroke="meta equals" />
    <keyboard-shortcut first-keystroke="alt equals" />
  </action>
  <action id="ExportToTextFile" />
  <action id="FileStructurePopup">
    <keyboard-shortcut first-keystroke="ctrl f12" />
  </action>
  <action id="Find">
    <keyboard-shortcut first-keystroke="meta f" />
    <keyboard-shortcut first-keystroke="ctrl f" />
  </action>
  <action id="FindInPath">
    <keyboard-shortcut first-keystroke="shift meta f" />
    <keyboard-shortcut first-keystroke="shift ctrl f" />
  </action>
  <action id="FindNext">
    <keyboard-shortcut first-keystroke="meta g" />
    <keyboard-shortcut first-keystroke="ctrl g" />
  </action>
  <action id="FindPrevious">
    <keyboard-shortcut first-keystroke="shift meta g" />
    <keyboard-shortcut first-keystroke="shift ctrl g" />
  </action>
  <action id="ForceRefresh">
    <keyboard-shortcut first-keystroke="shift alt r" />
  </action>
  <action id="ForceStepOver" />
  <action id="Forward">
    <keyboard-shortcut first-keystroke="meta close_bracket" />
    <mouse-shortcut keystroke="button5" />
    <keyboard-shortcut first-keystroke="ctrl meta right" />
    <keyboard-shortcut first-keystroke="alt close_bracket" />
  </action>
  <action id="GotoAction">
    <keyboard-shortcut first-keystroke="shift ctrl a" />
  </action>
  <action id="GotoBookmark0" />
  <action id="GotoBookmark1" />
  <action id="GotoBookmark2" />
  <action id="GotoBookmark3" />
  <action id="GotoBookmark4" />
  <action id="GotoBookmark5" />
  <action id="GotoBookmark6" />
  <action id="GotoBookmark7" />
  <action id="GotoBookmark9" />
  <action id="GotoClass">
    <keyboard-shortcut first-keystroke="meta o" />
    <keyboard-shortcut first-keystroke="ctrl o" />
  </action>
  <action id="GotoDeclaration">
    <keyboard-shortcut first-keystroke="ctrl b" />
    <mouse-shortcut keystroke="control button1" />
  </action>
  <action id="GotoFile">
    <keyboard-shortcut first-keystroke="shift meta o" />
    <keyboard-shortcut first-keystroke="shift ctrl o" />
  </action>
  <action id="GotoImplementation">
    <mouse-shortcut keystroke="meta alt button1" />
    <keyboard-shortcut first-keystroke="ctrl meta b" />
    <keyboard-shortcut first-keystroke="ctrl alt b" />
  </action>
  <action id="GotoLine">
    <keyboard-shortcut first-keystroke="ctrl l" />
  </action>
  <action id="GotoRelated">
    <keyboard-shortcut first-keystroke="ctrl meta up" />
    <keyboard-shortcut first-keystroke="shift meta x" />
  </action>
  <action id="GotoSuperMethod">
    <keyboard-shortcut first-keystroke="meta u" />
    <keyboard-shortcut first-keystroke="ctrl u" />
  </action>
  <action id="Gradle.ToggleOfflineAction">
    <keyboard-shortcut first-keystroke="shift alt o" />
  </action>
  <action id="ImplementMethods">
    <keyboard-shortcut first-keystroke="alt i" />
  </action>
  <action id="IncrementWindowWidth" />
  <action id="Macro.formatovanie a import">
    <keyboard-shortcut first-keystroke="ctrl s" />
  </action>
  <action id="MakeModule">
    <keyboard-shortcut first-keystroke="shift ctrl f9" />
  </action>
  <action id="MethodDown">
    <keyboard-shortcut first-keystroke="ctrl down" />
    <keyboard-shortcut first-keystroke="alt down" />
  </action>
  <action id="MethodHierarchy.OverrideMethodAction">
    <keyboard-shortcut first-keystroke="alt o" />
  </action>
  <action id="MethodOverloadSwitchDown" />
  <action id="MethodOverloadSwitchUp" />
  <action id="MethodUp">
    <keyboard-shortcut first-keystroke="alt up" />
  </action>
  <action id="NewElement">
    <keyboard-shortcut first-keystroke="meta n" />
    <keyboard-shortcut first-keystroke="ctrl enter" />
    <keyboard-shortcut first-keystroke="ctrl n" />
  </action>
  <action id="NextEditorTab" />
  <action id="NextTab">
    <keyboard-shortcut first-keystroke="shift meta close_bracket" />
  </action>
  <action id="OverrideMethods">
    <keyboard-shortcut first-keystroke="alt o" />
  </action>
  <action id="ParameterInfo">
    <keyboard-shortcut first-keystroke="ctrl p" />
  </action>
  <action id="PreviousEditorTab" />
  <action id="PreviousTab">
    <keyboard-shortcut first-keystroke="shift meta open_bracket" />
  </action>
  <action id="QuickImplementations">
    <keyboard-shortcut first-keystroke="meta y" />
  </action>
  <action id="RecentChangedFiles">
    <keyboard-shortcut first-keystroke="shift meta e" />
    <keyboard-shortcut first-keystroke="shift ctrl e" />
  </action>
  <action id="RecentFiles">
    <keyboard-shortcut first-keystroke="meta e" />
    <keyboard-shortcut first-keystroke="ctrl e" />
  </action>
  <action id="RenameFile">
    <keyboard-shortcut first-keystroke="shift f6" />
  </action>
  <action id="Replace">
    <keyboard-shortcut first-keystroke="meta r" />
    <keyboard-shortcut first-keystroke="ctrl r" />
  </action>
  <action id="ReplaceInPath" />
  <action id="RerunTests">
    <keyboard-shortcut first-keystroke="ctrl meta r" />
  </action>
  <action id="ResizeToolWindowLeft" />
  <action id="ResizeToolWindowRight" />
  <action id="Run">
    <keyboard-shortcut first-keystroke="alt r" />
  </action>
  <action id="RunClass" />
  <action id="RunDashboard.Run" />
  <action id="RunToCursor" />
  <action id="SaveAll" />
  <action id="SelectInProjectView">
    <keyboard-shortcut first-keystroke="alt s" />
  </action>
  <action id="SelectNextOccurrence" />
  <action id="ShowNavBar">
    <keyboard-shortcut first-keystroke="meta up" />
    <keyboard-shortcut first-keystroke="alt home" />
    <keyboard-shortcut first-keystroke="ctrl up" />
  </action>
  <action id="ShowSettings">
    <keyboard-shortcut first-keystroke="meta comma" />
    <keyboard-shortcut first-keystroke="ctrl comma" />
  </action>
  <action id="SmartSelect" />
  <action id="StepInto" />
  <action id="StepOver" />
  <action id="SwitchApply">
    <keyboard-shortcut first-keystroke="ctrl alt enter" />
  </action>
  <action id="SwitchBootJdk">
    <keyboard-shortcut first-keystroke="ctrl alt slash" />
  </action>
  <action id="SwitchDown">
    <keyboard-shortcut first-keystroke="ctrl alt down" />
  </action>
  <action id="SwitchLeft">
    <keyboard-shortcut first-keystroke="ctrl alt left" />
  </action>
  <action id="SwitchRight">
    <keyboard-shortcut first-keystroke="ctrl alt right" />
  </action>
  <action id="SwitchUp">
    <keyboard-shortcut first-keystroke="ctrl alt up" />
  </action>
  <action id="ToggleLineBreakpoint">
    <keyboard-shortcut first-keystroke="meta f8" />
    <keyboard-shortcut first-keystroke="ctrl f8" />
  </action>
  <action id="UnselectPreviousOccurrence" />
  <action id="Vcs.QuickListPopupAction" />
  <action id="XDebugger.AttachToProcess">
    <keyboard-shortcut first-keystroke="shift alt f5" />
    <keyboard-shortcut first-keystroke="shift alt d" />
  </action>
  <action id="android.deploy.ApplyChanges">
    <keyboard-shortcut first-keystroke="ctrl f10" />
    <keyboard-shortcut first-keystroke="shift ctrl r" />
  </action>
  <action id="android.deploy.CodeSwap">
    <keyboard-shortcut first-keystroke="ctrl alt f10" />
  </action>
  <action id="android.fd.HotswapAction">
    <keyboard-shortcut first-keystroke="shift meta r" />
    <keyboard-shortcut first-keystroke="shift ctrl r" />
  </action>
  <action id="com.developerphil.adbidea.action.AdbIdeaQuickList" />
</keymap>