<profile version="1.0">
  <option name="myName" value="Default" />
  <inspection_tool class="AndroidLintSyntheticAccessor" enabled="true" level="WARNING" enabled_by_default="true" />
  <inspection_tool class="IllegalIdentifier" enabled="false" level="ERROR" enabled_by_default="false" />
  <inspection_tool class="PreviewAnnotationInFunctionWithParameters" enabled="true" level="ERROR" enabled_by_default="true">
    <option name="previewFile" value="true" />
  </inspection_tool>
  <inspection_tool class="PreviewDimensionRespectsLimit" enabled="true" level="WARNING" enabled_by_default="true">
    <option name="previewFile" value="true" />
  </inspection_tool>
  <inspection_tool class="PreviewMultipleParameterProviders" enabled="true" level="ERROR" enabled_by_default="true">
    <option name="previewFile" value="true" />
  </inspection_tool>
  <inspection_tool class="PreviewMustBeTopLevelFunction" enabled="true" level="ERROR" enabled_by_default="true">
    <option name="previewFile" value="true" />
  </inspection_tool>
  <inspection_tool class="PreviewNeedsComposableAnnotation" enabled="true" level="ERROR" enabled_by_default="true">
    <option name="previewFile" value="true" />
  </inspection_tool>
</profile>