<application>
  <component name="CodeInsightSettings">
    <option name="ADD_IMPORTS_ON_PASTE" value="1" />
    <option name="ADD_UNAMBIGIOUS_IMPORTS_ON_THE_FLY" value="true" />
    <EXCLUDED_PACKAGE NAME="android.database.Observable" />
    <EXCLUDED_PACKAGE NAME="java.io.InputStream" />
    <EXCLUDED_PACKAGE NAME="java.io.OutputStream" />
  </component>
  <component name="DaemonCodeAnalyzerSettings">
    <option name="NEXT_ERROR_ACTION_GOES_TO_ERRORS_FIRST" value="false" />
    <option name="ERROR_STRIPE_MARK_MIN_HEIGHT" value="3" />
  </component>
</application>