<application>
  <component name="NotificationConfiguration">
    <notification groupId="Android Session Restarted" displayType="TOOL_WINDOW" />
    <notification groupId="Android XML code style notification" displayType="NONE" shouldLog="false" />
    <notification groupId="Build sync orphan modules" displayType="NONE" shouldLog="false" />
    <notification groupId="Git Important Messages" displayType="STICKY_BALLOON" />
    <notification groupId="Git Messages" displayType="TOOL_WINDOW" />
    <notification groupId="IDE Fatal Errors" displayType="NONE" />
    <notification groupId="IDE Usage Statistics" displayType="STICKY_BALLOON" shouldLog="false" />
    <notification groupId="Maven Import" displayType="STICKY_BALLOON" />
    <notification groupId="Update Checker" displayType="STICKY_BALLOON" />
    <notification groupId="Vcs Important Messages" displayType="STICKY_BALLOON" />
  </component>
</application>