<application>
  <component name="UISettings">
    <option name="EDITOR_TAB_PLACEMENT" value="0" />
    <option name="FONT_FACE" value="Noto Sans Regular" />
    <option name="FONT_SCALE" value="1.25" />
    <option name="FONT_SIZE" value="15" />
    <option name="LANGUAGE_FLAGS" value="true" />
    <option name="MAX_LOOKUP_LIST_HEIGHT" value="16" />
    <option name="OVERRIDE_NONIDEA_LAF_FONTS" value="true" />
    <option name="SHOW_MAIN_TOOLBAR" value="true" />
    <option name="SHOW_MEMORY_INDICATOR" value="true" />
  </component>
</application>