<application>
  <component name="FileTypeManager" version="18">
    <ignoreFiles list="*.pyc;*.pyo;*.rbc;*~;.DS_Store;.git;.hg;.svn;CVS;RCS;SCCS;__pycache__;_svn;rcs;" />
    <extensionMap>
      <mapping ext="graphqlconfig" type="JSON" />
      <mapping ext="gradle.kts" type="Kotlin" />
      <mapping ext="main.kts" type="Kotlin" />
      <mapping pattern="GetTokenMetadataError" type="PLAIN_TEXT" />
      <mapping pattern="SendEmailFromTemplateRes" type="PLAIN_TEXT" />
      <mapping pattern="SetMobilePaymentRes" type="PLAIN_TEXT" />
      <removed_mapping ext="apk" approved="true" type="ARCHIVE" />
      <removed_mapping ext="psd" approved="true" type="Image" />
    </extensionMap>
  </component>
</application>