<application>
  <component name="MaterialThemeConfig">
    <option name="isWizardShown" value="true" />
    <option name="overrideAccentColor" value="false" />
    <option name="pristineConfig" value="false" />
    <option name="settingsSelectedTab" value="2" />
    <option name="accentColor" value="5f875f" />
    <option name="selectedTheme" value="DARKER" />
    <option name="userId" value="-34d4149d:16ea1f9522a:-8000" />
    <option name="version" value="5.5.0" />
  </component>
</application>